{"cameraMode":{"drawMode":0,"name":"Shaded","section":"Shading Mode"},"sceneLighting":true,"audioPlay":false,"sceneViewState":{"showFog":true,"showMaterialUpdate":true,"showSkybox":true,"showFlares":true,"showImageEffects":true,"showParticleSystems":true},"in2DMode":false,"pivot":{"x":8.915033340454102,"y":-2.8564491271972658,"z":-9.615947723388672},"rotation":{"x":0.0011021022219210864,"y":-0.7876027822494507,"z":0.616196870803833,"w":0.0014188953209668398},"size":12.422211647033692,"orthographic":false}