{"cameraMode":{"drawMode":0,"name":"Shaded","section":"Shading Mode"},"sceneLighting":true,"audioPlay":false,"sceneViewState":{"showFog":true,"showMaterialUpdate":false,"showSkybox":true,"showFlares":true,"showImageEffects":true,"showParticleSystems":true},"in2DMode":false,"pivot":{"x":9.193299293518067,"y":3.2005538940429689,"z":-10.638676643371582},"rotation":{"x":0.6441500782966614,"y":0.0029738268349319698,"z":-0.0025175828486680986,"w":0.7649010419845581},"size":7.76277494430542,"orthographic":false}